Country name,Year,Life Ladder,Log GDP per capita,Social support,Healthy life expectancy at birth,Freedom to make life choices,Generosity,Perceptions of corruption,Positive affect,Negative affect,Confidence in national government,Democratic Quality,Delivery Quality,Standard deviation of ladder by country-year,Standard deviation/Mean of ladder by country-year,GINI index (World Bank estimate),"GINI index (World Bank estimate), average 2000-16","gini of household income reported in Gallup, by wp5-year","Most people can be trusted, Gallup","Most people can be trusted, WVS round 1981-1984","Most people can be trusted, WVS round 1989-1993","Most people can be trusted, WVS round 1994-1998","Most people can be trusted, WVS round 1999-2004","Most people can be trusted, WVS round 2005-2009","Most people can be trusted, WVS round 2010-2014"
Afghanistan,2018,2.694303274154663,7.4945878982543945,0.5075158476829529,52.599998474121094,0.37353554368019104,-0.08488787710666656,0.9276056885719299,0.4241253137588501,0.40490439534187317,0.3646664023399353,-2.1563119139715554,-1.208282667269456,1.40834379196167,0.5227116942405701,0.3737979789250913,0.3854377083728868,0.2906813323497772,0.19197231531142944,0.3904802825450897,0.28392481539737097,0.24957434069304985,0.26807041443474666,0.2643360556709388,0.23749304511730077
Albania,2018,5.0044026374816895,9.412399291992188,0.6835916638374329,68.69999694824219,0.8242123126983643,0.005384950898587704,0.8991293907165527,0.713299572467804,0.31899672746658325,0.43533796072006226,0.17161792836944212,-0.1893756280857674,2.640530824661255,0.5276415348052979,0.3737979789250913,0.30325,0.45617419481277466,-7.164066210389338,0.3904802825450897,0.28392481539737097,0.2432432472705841,0.23199999332427979,0.2643360556709388,0.23749304511730077
Algeria,2018,5.043086051940918,9.557951927185059,0.7986513376235962,65.9000015258789,0.5833805799484253,-0.17241300642490387,0.7587041258811951,0.5910429358482361,0.2929455637931824,0.3694930466603813,-0.8057426718565134,-0.7938446310850291,1.9739428758621216,0.39141565561294556,0.3737979789250913,0.276,0.66787189245224,0.1911082978153389,0.3904802825450897,0.28392481539737097,0.24957434069304985,0.10764430463314056,0.2643360556709388,0.17928633093833923
Argentina,2018,5.792796611785889,9.809971809387207,0.8999115824699402,68.80000305175781,0.8458946943283081,-0.20693662762641907,0.8552552461624146,0.8203096985816956,0.32050207257270813,0.2613522708415985,-0.07686015364861787,-0.9436438773030896,2.4725587368011475,0.4268333315849304,0.4163023180940116,0.4609375,0.40535593032836914,0.7062086910009313,0.2700732946395874,0.2235528975725174,0.17084361612796783,0.1501535326242447,0.17405752837657928,0.19353072345256805
Armenia,2018,5.062448501586914,9.119423866271973,0.8144490122795105,66.9000015258789,0.8076436519622803,-0.14910869300365448,0.6768263578414917,0.5814877152442932,0.4548402726650238,0.6708276271820068,0.3696754977865977,-0.26150854986102645,2.1021106243133545,0.4152359664440155,0.2591122974963183,0.31925,0.40640348196029663,0.1911082978153389,0.3904802825450897,0.28392481539737097,0.23499999940395355,0.26807041443474666,0.2643360556709388,0.10913580656051636
Australia,2018,7.176993370056152,10.721020698547363,0.9401372671127319,73.5999984741211,0.9160281419754028,0.13779540359973907,0.40464749932289124,0.7590188384056091,0.18745636940002441,0.46883687376976013,0.49890647226364626,1.5490239693634797,1.7502825260162354,0.24387405812740326,0.31899999999999246,0.34275,0.4298142194747925,0.1911082978153389,0.4781493842601776,0.28392481539737097,0.3944920599460602,0.26807041443474666,0.4613790214061737,0.5181400775909424
Austria,2018,7.396001815795898,10.74189281463623,0.9116681218147278,73.0,0.9041119813919067,0.05155233293771744,0.5230605602264404,0.752350389957428,0.22605879604816437,0.4886787235736847,1.8506472892501002,1.322288819045675,1.5519400835037231,0.2098350077867508,0.4934205607476639,0.3026923076923077,0.2995043992996216,0.1911082978153389,0.3904802825450897,0.28392481539737097,0.24957434069304985,0.26807041443474666,0.2643360556709388,0.23749304511730077
Azerbaijan,2018,5.167995452880859,9.678013801574707,0.7812299132347107,65.5,0.772449254989624,-0.25179529190063477,0.5612062811851501,0.5925753712654114,0.19139166176319122,0.8343719244003296,-1.0995315218871495,-0.7072178755291352,1.8633021116256714,0.36054638028144836,0.3737979789250913,0.211,0.2604098320007324,0.1911082978153389,0.3904802825450897,0.28392481539737097,0.1943056881427765,0.26807041443474666,0.2643360556709388,0.14793293178081512
Bangladesh,2018,4.4992170333862305,8.220746040344238,0.7055560350418091,64.30000305175781,0.9014708399772644,-0.03800833597779274,0.7014212012290955,0.5413447022438049,0.3612377941608429,0.8316931128501892,-1.284560937017941,-0.8899267836789606,2.1593031883239746,0.4799286425113678,0.325,0.32775,0.3676091134548187,0.6843584775924694,0.3904802825450897,0.28392481539737097,0.20459015667438507,0.23266667127609253,0.2643360556709388,0.23749304511730077
Belarus,2018,5.23376989364624,9.778738975524902,0.9045692682266235,66.0999984741211,0.6436023712158203,-0.18186484277248383,0.7184554934501648,0.4503328502178192,0.23572862148284912,0.4212786853313446,-1.3619838098515886,-0.6144607850781703,1.6901071071624756,0.3229234516620636,0.41790243004418276,0.2812941176470589,0.293443888425827,0.1911082978153389,0.3904802825450897,0.2502463161945343,0.22992351651191711,0.26807041443474666,0.2643360556709388,0.3290649354457855
Belgium,2018,6.892171859741211,10.672445297241211,0.9298155307769775,72.0,0.8083866238594055,-0.12727834284305573,0.6304118037223816,0.7495627403259277,0.25029733777046204,0.44194453954696655,1.1664785924193855,1.1512649280810394,1.5480906963348389,0.22461579740047455,0.11999340720998322,0.2843076923076924,0.29952457547187805,0.1911082978153389,0.3904802825450897,0.28392481539737097,0.24957434069304985,0.26807041443474666,0.2643360556709388,0.23749304511730077
Benin,2018,5.819827079772949,7.663907051086426,0.5035440325737,54.29999923706055,0.7132640480995178,0.024661164730787277,0.7465107440948486,0.6466551423072815,0.4678718149662018,0.6392197608947754,0.012971590348505757,-0.7246593912004814,3.313297986984253,0.5693120956420898,0.5109999999999988,0.4326666666666667,0.6062432527542114,0.1911082978153389,0.3904802825450897,0.28392481539737097,0.24957434069304985,0.26807041443474666,0.2643360556709388,0.23749304511730077
Bolivia,2018,5.91573429107666,8.860530853271484,0.8271594643592834,63.599998474121094,0.8632468581199646,-0.08756835013628006,0.7860445976257324,0.7419726252555847,0.3874688744544983,0.3995882272720337,-0.12145330132648971,-0.5897872507947046,2.2045419216156006,0.3726573586463928,0.39275813164790996,0.5216,0.4501130282878876,-0.2145925164222678,0.3904802825450897,0.28392481539737097,0.24957434069304985,0.26807041443474666,0.2643360556709388,0.23749304511730077
Bosnia and Herzegovina,2018,5.887401103973389,9.402726173400879,0.8358895778656006,67.80000305175781,0.6588464379310608,0.12462690472602844,0.9128577709197998,0.6429395079612732,0.2773650586605072,0.2540971636772156,-0.8692555221676808,-0.7910126036120588,1.9877502918243408,0.3376277983188629,0.3234375000000017,0.3256,0.3858174979686737,2.1831979900598966,0.3904802825450897,0.28392481539737097,0.2475000023841858,0.15583333373069763,0.2643360556709388,0.23749304511730077
Botswana,2018,3.4613656997680664,9.68022632598877,0.7949360013008118,58.900001525878906,0.817621111869812,-0.259084016084671,0.8069454431533813,0.7296432256698608,0.26708370447158813,0.7187881469726562,0.9991225838274584,0.16760183585833927,2.637892484664917,0.7620958685874939,0.3737979789250913,0.626,0.6161604523658752,0.1911082978153389,0.3904802825450897,0.28392481539737097,0.24957434069304985,0.26807041443474666,0.2643360556709388,0.23749304511730077
Brazil,2018,6.190921783447266,9.55793285369873,0.8815052509307861,66.4000015258789,0.7506090402603149,-0.1263265162706375,0.7632513046264648,0.7497278451919556,0.34965625405311584,0.16818664968013763,-0.28974775272699016,-0.6535253009138302,2.6378672122955322,0.42608633637428284,0.972813714902808,0.5472857142857142,0.4203971326351166,0.3121985197067314,0.3904802825450897,0.06601986289024353,0.24957434069304985,0.26807041443474666,0.09381109476089478,0.07063784450292587
Bulgaria,2018,5.098813533782959,9.873218536376953,0.9238532781600952,66.80000305175781,0.7243359088897705,-0.1791096031665802,0.9520144462585449,0.6390218734741211,0.18909098207950592,0.21899589896202087,0.7688192428952845,-0.1441574102244329,2.037506580352783,0.39960405230522156,1.0551566265060228,0.35466666666666663,0.34120652079582214,0.1911082978153389,0.3904802825450897,0.28392481539737097,0.23694029450416565,0.26807041443474666,0.19657067954540253,0.23749304511730077
Burkina Faso,2018,4.927236080169678,7.47052001953125,0.6648594737052917,53.900001525878906,0.7207434773445129,-0.00438124081119895,0.7573986053466797,0.7108835577964783,0.342865526676178,0.6222550868988037,0.24052776459384217,-0.5474534781484235,2.6460697650909424,0.5370292067527771,0.3737979789250913,0.39466666666666667,0.6051021218299866,0.1911082978153389,0.3904802825450897,0.28392481539737097,0.24957434069304985,0.26807041443474666,0.14353418350219727,0.23749304511730077
Burundi,2018,3.775283098220825,6.541032791137695,0.48471522331237793,53.400001525878906,0.6463986039161682,-0.01933417282998562,0.5986076593399048,0.6664415001869202,0.3627665936946869,-1.693826854228972,9.752716541290285,-0.7538033723831179,2.815765857696533,0.7458422780036926,0.3737979789250913,0.36,0.6808127164840698,0.1911082978153389,0.3904802825450897,0.28392481539737097,0.24957434069304985,0.26807041443474666,0.2643360556709388,0.23749304511730077
Cambodia,2018,5.121837615966797,8.253352165222168,0.7946053743362427,61.599998474121094,0.9583048224449158,0.03378676623106003,0.6292323740582121,0.8445925116539001,0.41434580087661743,0.8772826008400356,-0.9537522486964729,-0.7995374486410805,2.911452531814575,0.5684390664100647,0.3737979789250913,0.3854377083728868,0.6034391522407532,-0.13244752585889258,0.3904802825450897,0.28392481539737097,0.24957434069304985,0.26807041443474666,0.2643360556709388,0.23749304511730077
Cameroon,2018,5.25073766708374,8.13347053527832,0.676825225353241,52.70000076293945,0.8163049817085266,0.03250691667199135,0.884441614151001,0.6424365043640137,0.3556424081325531,0.6452262997627258,-0.6581309423050907,-1.1061768888265817,2.921313524246216,0.556362509727478,0.4877142857142826,0.4383333333333333,0.5217510461807251,0.1911082978153389,0.3904802825450897,0.28392481539737097,0.24957434069304985,0.26807041443474666,0.2643360556709388,0.23749304511730077
Canada,2018,7.175496578216553,10.701248168945312,0.9227187633514404,73.5999984741211,0.9457828998565674,0.09796612709760666,0.37174084782600403,0.8236686587333679,0.2593976557254791,0.6104668974876404,1.3169975943527727,1.735967328419966,1.7644574642181396,0.24590039253234863,0.3599999999999947,0.33680000000000004,0.4654422402381897,0.1911082978153389,0.3904802825450897,0.28392481539737097,0.24957434069304985,0.3854691982269287,0.41850045323371887,0.23749304511730077
Chad,2018,4.486325263977051,7.472574710845947,0.5772535800933838,48.20000076293945,0.6503545641899109,0.011340086348354816,0.7628793120384216,0.552737295627594,0.543836236000061,0.5774360299110413,-0.06030062635960176,-0.9521432583657541,3.107621431350708,0.6926875114440918,0.3737979789250913,0.4155,0.6076547503471375,0.1911082978153389,0.3904802825450897,0.28392481539737097,0.24957434069304985,0.26807041443474666,0.2643360556709388,0.23749304511730077
Chile,2018,6.436220645904541,10.065919876098633,0.8900849223136902,69.9000015258789,0.7885303497314453,-0.07061584293842316,0.8162974119186401,0.8325622081756592,0.27582022547721863,0.3347441554069519,0.6238878399247614,0.8391560438279381,2.152998447418213,0.3345128297805786,0.47328448275862206,0.49157142857142855,0.43431270122528076,0.05690455436706648,0.3904802825450897,0.22066666185855865,0.21377000212669373,0.2217666655778885,0.12470907717943192,0.1264016330242157
China,2018,5.131433963775635,9.694375991821289,0.787605345249176,69.30000305175781,0.8953776955604553,-0.174899160861969,0.7689081185714903,0.8557838797569275,0.18963979184627533,0.3694930466603813,-0.7540998079433059,0.06779774082513344,2.2628591060638428,0.44097986817359924,0.41300000000000775,0.42500000000000004,0.5382056832313538,0.7722194194793662,0.3904802825450897,0.5945945978164673,0.5040000081062317,0.5446057915687561,0.49678003787994385,0.6145190000534058
Colombia,2018,5.9835124015808105,9.511734008789062,0.8709704279899597,67.69999694824219,0.8507657647132874,-0.15504799783229828,0.8548209071159363,0.8254551887512207,0.3006241023540497,0.27486950159072876,-0.7377083698188143,-0.24216717211080563,2.6826722621917725,0.44834405183792114,0.7140820512820514,0.5416000000000001,0.5068538188934326,0.28701363503933064,0.3904802825450897,0.28392481539737097,0.10721991956233978,0.26807041443474666,0.1431404948234558,0.04127829521894455
Comoros,2018,3.9728195667266846,7.2601423263549805,0.6213029623031616,57.20000076293945,0.5601823329925537,0.13624751567840576,0.7937583327293396,0.7477415800094604,0.3374936580657959,0.31727370619773865,-0.5523393154144269,2.5563652515411377,2.8827123641967773,0.7256087064743042,0.3737979789250913,0.506,0.5982176661491394,0.1911082978153389,0.3904802825450897,0.28392481539737097,0.24957434069304985,0.26807041443474666,0.2643360556709388,0.23749304511730077
Congo,2018,5.4902143478393555,8.473278999328613,0.6206229329109192,57.900001525878906,0.6987000703811646,-0.12450098246335983,0.7380201816558838,0.5875065922737122,0.4476461708545685,0.47367361187934875,-0.6246386623217715,-1.4848289010127043,3.346595287322998,0.6095563769340515,0.3737979789250913,0.481,0.5971265435218811,0.1911082978153389,0.3904802825450897,0.28392481539737097,0.24957434069304985,0.26807041443474666,0.2643360556709388,0.23749304511730077
Costa Rica,2018,7.1410746574401855,9.669425964355469,0.8758724331855774,71.30000305175781,0.9418883323669434,-0.10419601202011108,0.7813017964363098,0.870097815990448,0.3258666396141052,0.4799777865409851,0.8074457528853125,0.2547091388587725,2.1459696292877197,0.3005107343196869,0.471247422680413,0.4908823529411764,0.7865166068077087,0.25707148015498615,0.3904802825450897,0.28392481539737097,0.24957434069304985,0.26807041443474666,0.2643360556709388,0.23749304511730077
Croatia,2018,5.536271095275879,10.065751075744629,0.9098068475723267,70.19999694824219,0.6908556222915649,-0.15252923965454102,0.9254083037376404,0.5820441246032715,0.2903759777545929,0.24818091094493866,0.6777944291071667,0.12770275976233003,1.7036806344985962,0.30773070454597473,-0.05392857142857119,0.32142857142857145,0.3224901556968689,-1.5419063866138134,0.3904802825450897,0.28392481539737097,0.22826087474822998,0.26807041443474666,0.2643360556709388,0.23749304511730077
Cyprus,2018,6.276443004608154,10.420384407043457,0.825573205947876,73.69999694824219,0.7942150235176086,0.9681739039073852,0.8483372330665588,0.7501224875450134,0.298021137714386,0.3524404466152191,0.6990881847643609,1.4196221123672292,2.12888503074646,0.33918654918670654,0.9544857389801199,0.32616666666666666,0.44866105914115906,0.1911082978153389,0.3904802825450897,0.28392481539737097,0.24957434069304985,0.26807041443474666,0.09887506067752838,0.0751437246799469
Czech Republic,2018,7.034165382385254,10.419473648071289,0.929163932800293,70.30000305175781,0.7901324033737183,-0.29435962438583374,0.8513822555541992,0.7137001156806946,0.1780681014060974,0.42078331112861633,1.0368732545982828,1.4163515063136924,1.674933671951294,0.23811405897140503,0.5622020631067963,0.2641666666666667,0.2542857229709625,0.1911082978153389,0.3904802825450897,0.3022751808166504,0.28519195318222046,0.26807041443474666,0.2643360556709388,0.23749304511730077
Denmark,2018,7.648785591125488,10.755594253540039,0.9582188725471497,72.4000015258789,0.935437798500061,0.015592852607369423,0.15060743689537048,0.8214226365089417,0.20605280995368958,0.6324784755706787,1.2423914411499157,2.039313032819115,1.6510601043701172,0.21585911512374878,0.3900265614938817,0.267,0.4790506660938263,0.46178871393204346,0.3904802825450897,0.28392481539737097,0.24957434069304985,0.26807041443474666,0.2643360556709388,0.23749304511730077
Dominican Republic,2018,5.433215618133545,9.626997947692871,0.8619863390922546,65.80000305175781,0.8666415810585022,-0.1509512960910797,0.7622735500335693,0.7448718547821045,0.29140302538871765,0.42177101969718933,-0.06527392871311277,-0.7972682565946823,3.395453929901123,0.624943733215332,0.14728497790868889,0.4847058823529412,0.5200950503349304,0.2825051844120021,0.3904802825450897,0.28392481539737097,0.2517985701560974,0.26807041443474666,0.2643360556709388,0.23749304511730077
Ecuador,2018,6.128010272979736,9.274455070495605,0.8513450026512146,68.5,0.8693637251853943,-0.1040210872888565,0.8307431936264038,0.876474916934967,0.328171044588089,0.40208518505096436,-0.24780694784123136,-0.7885492383544344,2.4857876300811768,0.4056435227394104,0.03758873343151753,0.4960000000000001,0.4385119080543518,-0.49652061611413484,0.3904802825450897,0.28392481539737097,0.24957434069304985,0.26807041443474666,0.2643360556709388,0.07160699367523193
Egypt,2018,4.00545072555542,9.293959617614746,0.7588240504264832,61.70000076293945,0.6816544532775879,-0.22292953729629517,1.694463759202224,0.49226075410842896,0.28518378734588623,1.9654148499170927,-1.331023314858174,-0.5700656119836952,2.02060604095459,0.5044640898704529,0.5090000000000013,0.312,0.323928564786911,1.475735306739811,0.3904802825450897,0.28392481539737097,0.24957434069304985,0.37466666102409363,0.1850128024816513,0.2150088995695114
El Salvador,2018,6.276246070861816,8.911958694458008,0.8239991664886475,66.0999984741211,0.8632072806358337,-0.09678690880537033,0.8266000151634216,0.8715364933013916,0.26537060737609863,0.3239920437335968,-0.31369600801224834,-0.7426013862212735,2.516374111175537,0.40093618631362915,0.30102430044182654,0.45782352941176474,0.4442465305328369,0.368194237351412,0.3904802825450897,0.28392481539737097,0.14114832878112793,0.26807041443474666,0.2643360556709388,0.23749304511730077
Estonia,2018,6.091302394866943,10.32410717010498,0.9326937794685364,68.5999984741211,0.8856183886528015,-0.1446649134159088,0.6206779479980469,0.7947302460670471,0.1631821095943451,0.4202025830745697,0.6197187391995693,1.3043048150231158,1.7629237174987793,0.2894165515899658,0.523071346375145,0.3324615384615385,0.36719486117362976,0.1911082978153389,0.3904802825450897,0.28392481539737097,0.2105778604745865,0.26807041443474666,0.2643360556709388,0.38986992835998535
Ethiopia,2018,4.379262447357178,7.524516582489014,0.740154504776001,58.5,0.7403430938720703,0.043273504823446274,0.7994662523269653,0.6595208644866943,0.2717539668083191,0.8752709627151489,-1.4891387224197388,-0.8906806031862895,1.945811152458191,0.44432392716407776,0.3737979789250913,0.3403333333333333,0.44055259227752686,0.1911082978153389,0.3904802825450897,0.28392481539737097,0.24957434069304985,0.26807041443474666,0.22526316344738007,0.23749304511730077
Finland,2018,7.858107089996338,10.636059761047363,0.9621550440788269,71.9000015258789,0.9378073811531067,-0.131735160946846,0.19860483705997467,0.781546413898468,0.1817806512117386,0.5551022291183472,1.3505002692011854,2.081746913927616,1.4256123304367065,0.18141929805278778,0.5212990654205606,0.27561538461538465,0.36229419708251953,0.1911082978153389,0.571719229221344,0.28392481539737097,0.47922998666763306,0.26807041443474666,0.5803785920143127,0.23749304511730077
France,2018,6.665903568267822,10.573351860046387,0.9214630722999573,73.80000305175781,0.8163772225379944,-0.14156712591648102,0.5817753076553345,0.7673134207725525,0.2824513614177704,0.380547434091568,1.552769526552229,1.2566831073630862,1.5990493297576904,0.2398848533630371,0.3615087761481149,0.320923076923077,0.36096563935279846,0.1911082978153389,0.3904802825450897,0.28392481539737097,0.24957434069304985,0.26807041443474666,0.18764232099056244,0.23749304511730077
Gabon,2018,4.783009052276611,9.718316078186035,0.7848275899887085,59.70000076293945,0.7191354036331177,-0.21748751401901245,0.8228634595870972,0.6406916379928589,0.41766098141670227,0.3113737106323242,-0.40131244223032675,-0.9580642123307501,2.62363862991333,0.5485330820083618,0.3737979789250913,0.42200000000000004,0.48509424924850464,0.1911082978153389,0.3904802825450897,0.28392481539737097,0.24957434069304985,0.26807041443474666,0.2643360556709388,0.23749304511730077
Gambia,2018,4.9220991134643555,7.376553535461426,0.6847999691963196,55.0,0.71872878074646,0.009469065337586433,0.6910695433616638,0.8040121793746948,0.37920770049095154,0.7575434446334839,-0.1354347958240164,-0.005790174524892771,3.158857583999634,0.6417704224586487,0.3737979789250913,0.4226666666666667,0.5923911929130554,0.1911082978153389,0.3904802825450897,0.28392481539737097,0.24957434069304985,0.26807041443474666,0.2643360556709388,0.23749304511730077
Georgia,2018,4.659097194671631,9.229100227355957,0.617218554019928,64.5,0.775144100189209,-0.21924759447574615,0.7548537850379944,0.572953462600708,0.24377891421318054,0.3000061810016632,-0.7399918467684785,0.3269374828130094,2.223053216934204,0.47714248299598694,0.42232731958762876,0.3801176470588235,0.41981205344200134,0.1911082978153389,0.3904802825450897,0.28392481539737097,0.17679283022880554,0.26807041443474666,0.17658862471580505,0.23749304511730077
Germany,2018,7.118364334106445,10.730944633483887,0.9197631478309631,72.19999694824219,0.8768875002861023,0.030199648812413216,0.4956739544868469,0.7802804112434387,0.24321457743644714,0.5929905772209167,0.7624953409131987,1.6571785426243717,1.6235891580581665,0.22808457911014557,0.32873437499999925,0.30622222222222223,0.2835126221179962,0.1911082978153389,0.3904802825450897,0.28392481539737097,0.32132279872894287,0.26807041443474666,0.3435913622379303,0.44748765230178833
Greece,2018,5.409289360046387,10.132058143615723,0.7935007810592651,72.4000015258789,0.5644556879997253,-0.33638453483581543,0.8603023886680603,0.6656990647315979,0.2550065815448761,0.15704865753650665,0.06569331574769349,0.6997118642383788,2.0797712802886963,0.38448143005371094,0.4191385642737886,0.3463846153846154,0.31549426913261414,0.1911082978153389,0.3904802825450897,0.28392481539737097,0.24957434069304985,0.26807041443474666,0.2643360556709388,0.23749304511730077
Guatemala,2018,6.626591682434082,8.923428535461426,0.8411072492599487,64.80000305175781,0.9095380306243896,-0.011167033575475216,0.7654544115066528,0.871362030506134,0.2624112665653229,0.4570644199848175,-0.8093119825420375,-0.8043431294774404,2.840461254119873,0.42864587903022766,0.45149999999999346,0.5236666666666667,0.6343690752983093,0.014016821980474964,0.3904802825450897,0.28392481539737097,0.24957434069304985,0.26807041443474666,0.14930298924446106,0.23749304511730077
Guinea,2018,5.252226829528809,7.633718013763428,0.6304331421852112,54.400001525878906,0.7311572432518005,0.10001128166913986,0.7783938050270081,0.7438810467720032,0.44043830037117004,0.5917237401008606,-0.6946912833622524,-0.9740391501358578,3.3026351928710938,0.6288066506385803,0.3737979789250913,0.387,0.603387713432312,0.1911082978153389,0.3904802825450897,0.28392481539737097,0.24957434069304985,0.26807041443474666,0.2643360556709388,0.23749304511730077
Haiti,2018,3.6149280071258545,7.4160919189453125,0.5379759073257446,55.70000076293945,0.5914683938026428,0.4209863841533661,0.7204447388648987,0.5841132998466492,0.3587200343608856,0.3678966462612152,-0.5676109683084369,-1.400401366434223,3.076730251312256,0.8511179685592651,0.3737979789250913,0.41100000000000003,0.6694339513778687,0.1911082978153389,0.3904802825450897,0.28392481539737097,0.24957434069304985,0.26807041443474666,0.2643360556709388,0.23749304511730077
Honduras,2018,5.908423900604248,8.439203262329102,0.8270670175552368,67.19999694824219,0.8721616864204407,0.10572869330644608,0.8035647869110107,0.8718446493148804,0.287357896566391,0.3989136815071106,-0.6733998099815861,-0.01816875836840104,3.1347203254699707,0.530551016330719,0.5491612665684831,0.5466875,0.6721588373184204,0.19873626530170027,0.3904802825450897,0.28392481539737097,0.24957434069304985,0.26807041443474666,0.2643360556709388,0.23749304511730077
India,2018,3.818068742752075,8.830280303955078,0.6380519866943359,60.099998474121094,0.8904433846473694,0.07180630415678024,0.805263340473175,0.6572871804237366,0.35745808482170105,0.7532808780670166,-0.10077024042451996,0.08272264228235822,2.212352752685547,0.5794428586959839,0.3737979789250913,0.35100000000000003,0.428205668926239,0.19100496172904968,0.3904802825450897,0.3352000117301941,0.3284313678741455,0.388611376285553,0.2068965584039688,0.32149630784988403
Indonesia,2018,5.340295791625977,9.36282730102539,0.8093788623809814,62.099998474121094,0.8793743848800659,0.4993778169155121,0.8677294254302979,0.8637178540229797,0.2959868013858795,0.8376027345657349,-1.1435517163155904,-0.6793642845172476,2.5308024883270264,0.4739067852497101,0.3737979789250913,0.395,0.4643471837043762,-0.21686817705632713,0.3904802825450897,0.28392481539737097,0.24957434069304985,0.4569999873638153,0.4109961986541748,0.23749304511730077
Iran,2018,4.278117656707764,9.886064529418945,0.673764705657959,66.0,0.6033198833465576,0.04471550136804581,0.7034397721290588,0.5531966090202332,0.49314889311790466,0.5499407052993774,-1.8721482320031102,-0.8086759274718585,2.3757083415985107,0.5553162693977356,0.4923333333333356,0.41339999999999993,0.4405861496925354,0.1911082978153389,0.3904802825450897,0.28392481539737097,0.24957434069304985,0.554280698299408,0.10536182671785355,0.23749304511730077
Ireland,2018,6.962335586547852,11.163328170776367,0.9378623962402344,72.30000305175781,0.8614715933799744,0.13978342711925507,0.3622102439403534,0.8108572363853455,0.21305006742477417,0.618405282497406,1.4624135360643318,1.6963867662378063,1.86378812789917,0.267695814371109,0.9089261039351173,0.3261538461538461,0.36641061305999756,0.1911082978153389,0.3904802825450897,0.28392481539737097,0.24957434069304985,0.26807041443474666,0.2643360556709388,0.23749304511730077
Israel,2018,6.927178859710693,10.42457389831543,0.9095954298973083,73.30000305175781,0.7246623039245605,0.05254996195435524,0.7701348066329956,0.6634896397590637,0.2820625603199005,0.42232972383499146,-1.1196847436416015,0.8192218235909443,1.7349070310592651,0.2504492998123169,0.2692000000000063,0.4112,0.26186177134513855,0.1911082978153389,0.3904802825450897,0.28392481539737097,0.24957434069304985,0.23025210201740265,0.2643360556709388,0.23749304511730077
Italy,2018,6.516526699066162,10.48051643371582,0.9126561284065247,73.5999984741211,0.650009274482727,-0.023462269455194473,0.8878248333930969,0.6490230560302734,0.4029753506183624,0.20662619173526764,0.42667171272536875,0.39618840694526686,1.5227446556091309,0.23367427289485931,0.5107900837089465,0.34400000000000003,0.45749086141586304,0.1911082978153389,0.3904802825450897,0.28392481539737097,0.24957434069304985,0.26807041443474666,0.2825203239917755,0.23749304511730077
Ivory Coast,2018,5.268374919891357,8.236133575439453,0.6208825707435608,49.5,0.7125900387763977,-0.036959659308195114,0.7909668684005737,0.682098388671875,0.38563138246536255,0.5354387164115906,-0.7666344344615936,-0.6496580067802877,3.0782408714294434,0.584286630153656,0.3737979789250913,0.42,0.5202443599700928,0.1911082978153389,0.3904802825450897,0.28392481539737097,0.24957434069304985,0.26807041443474666,0.2643360556709388,0.23749304511730077
Japan,2018,5.793575286865234,10.581618309020996,0.8864319324493408,75.0,0.7734721302986145,-0.2729722857475281,0.6867845058441162,0.7033550143241882,0.18530015647411346,0.384880393743515,1.5718482559642972,1.1919759595062913,1.9160255193710327,0.3307155668735504,0.3737979789250913,0.321,0.41866180300712585,0.1911082978153389,0.4076225757598877,0.37586548924446106,0.24957434069304985,0.39647576212882996,0.36587589979171753,0.3593941926956177
Jordan,2018,4.6389336585998535,9.024435043334961,0.7995443344116211,66.80000305175781,0.7624202966690063,-0.18348969519138336,-5.664910510182294,0.8700643444549154,0.5826791819576054,0.6140877604484496,-1.1581408532347506,0.3231685185335093,2.764460563659668,0.5959258675575256,0.38099999999999756,0.34299999999999997,0.39105111360549927,0.1911082978153389,0.3904802825450897,0.28392481539737097,0.24957434069304985,0.27410468459129333,0.30873093008995056,0.13249999284744263
Kazakhstan,2018,6.007636070251465,10.111166000366211,0.9366567134857178,64.5999984741211,0.8401829600334167,-0.10859531164169312,0.8237829804420471,0.6931987404823303,0.16154228150844574,0.6150319576263428,-0.8183786169868726,0.10576788441572416,1.8786886930465698,0.3127167820930481,0.0736193747852957,0.30586666666666673,0.38401079177856445,0.1911082978153389,0.3904802825450897,0.28392481539737097,0.24957434069304985,0.26807041443474666,0.2643360556709388,0.383327454328537
Kenya,2018,4.655702590942383,8.03267765045166,0.7067198753356934,60.099998474121094,0.821412980556488,0.30665308237075806,0.8442440629005432,0.7591028809547424,0.2369207739830017,0.6753672957420349,-0.12151791361848652,-0.7158725302174407,2.7492306232452393,0.590508222579956,0.3737979789250913,0.4365,0.5841870307922363,0.1911082978153389,0.3904802825450897,0.28392481539737097,0.24957434069304985,0.26807041443474666,0.2643360556709388,0.23749304511730077
Kosovo,2018,6.3918256759643555,9.22545337677002,0.822406530380249,65.14982604980469,0.8897370100021362,0.7100566862002207,0.9220781922340393,0.7782713174819946,0.17024846374988556,0.3475465476512909,0.18873161981499753,-0.9198150731080015,2.5638010501861572,0.40110620856285095,0.5605789473684214,0.28990909090909095,0.40230226516723633,-0.9491208791732827,0.3904802825450897,0.28392481539737097,0.24957434069304985,0.26807041443474666,0.2643360556709388,0.23749304511730077
Kyrgyzstan,2018,5.2973833084106445,8.151305198669434,0.8981478214263916,64.0999984741211,0.9449476599693298,0.28773197531700134,0.9074053168296814,0.7632705569267273,0.20330014824867249,0.49706554412841797,-0.6085119898405389,-0.7904885648828439,1.9016062021255493,0.35897085070610046,-0.4648243740795283,0.30411764705882355,0.3889222741127014,0.1911082978153389,0.3904802825450897,0.28392481539737097,0.24957434069304985,0.16586768627166748,0.2643360556709388,0.37725380063056946
Laos,2018,4.859402179718018,8.813603401184082,0.7047381401062012,58.70000076293945,0.9066609740257263,0.14059945940971375,0.6342398524284363,0.8522135615348816,0.331882506608963,0.7343279969545061,-0.9923188523422896,-1.1633335017471866,2.16145396232605,0.4447983205318451,0.3759999999999997,0.34800000000000003,0.5520906448364258,0.1911082978153389,0.3904802825450897,0.28392481539737097,0.24957434069304985,0.26807041443474666,0.2643360556709388,0.23749304511730077
Latvia,2018,5.901154041290283,10.184117317199707,0.9132763147354126,66.80000305175781,0.608207643032074,-0.21699953079223633,0.7989492416381836,0.5852332711219788,0.1918705552816391,0.19716230034828186,0.4281187176310489,0.8512806350783049,1.718401551246643,0.2911975383758545,0.3801553509781324,0.36033333333333334,0.33042004704475403,0.1911082978153389,0.3904802825450897,0.28392481539737097,0.23916666209697723,0.26807041443474666,0.2643360556709388,0.23749304511730077
Lebanon,2018,5.167186737060547,9.50795841217041,0.8293806314468384,67.0999984741211,0.6070306897163391,-0.06632593274116516,0.9066503047943115,0.4638807773590088,0.27068889141082764,0.21907484531402588,-1.2290092928778016,-0.4295112490355596,2.1507933139801025,0.4162406921386719,0.3737979789250913,0.318,0.3196391761302948,0.1911082978153389,0.3904802825450897,0.28392481539737097,0.24957434069304985,0.26807041443474666,0.2643360556709388,0.09833333641290665
Liberia,2018,4.134852886199951,6.630169868469238,0.7267501354217529,56.099998474121094,0.7657695412635803,0.09600263088941574,0.8679240942001343,0.6597315669059753,0.43609949946403503,0.7039120197296143,-1.103303691539165,-0.8238641663879371,3.7189583778381348,0.8994173407554626,0.31314285714285706,0.34850000000000003,0.6619663238525391,0.1911082978153389,0.3904802825450897,0.28392481539737097,0.24957434069304985,0.26807041443474666,0.2643360556709388,0.23749304511730077
Libya,2018,5.4939775466918945,10.015137672424316,0.8241651654243469,62.29999923706055,0.7805585265159607,0.2124043673276901,0.6458387970924377,0.7055354118347168,0.39890310168266296,0.3694930466603813,-1.8435001015663146,-1.4911282420158385,2.4723429679870605,0.45000967383384705,0.3737979789250913,0.3854377083728868,0.5967540144920349,0.1911082978153389,0.3904802825450897,0.28392481539737097,0.24957434069304985,0.26807041443474666,0.2643360556709388,0.10085639357566833
Lithuania,2018,6.3088788986206055,10.33951187133789,0.9293501377105713,67.30000305175781,0.6989451050758362,-0.24097855389118195,0.851745069026947,0.516805112361908,0.21355971693992615,0.3237580955028534,0.6925766254797392,0.9618837403536635,1.9539501667022705,0.30971431732177734,-0.6270927516317444,0.355,0.33016639947891235,0.1911082978153389,0.3904802825450897,0.28392481539737097,0.21308225393295288,0.26807041443474666,0.2643360556709388,0.23749304511730077
Luxembourg,2018,7.242630958557129,11.453927993774414,0.9021924138069153,72.5999984741211,0.8839298486709595,-0.025496061891317368,0.3851461112499237,0.7503094673156738,0.2018943428993225,0.7552008628845215,1.5160881805114257,1.7707048596479953,1.3447816371917725,0.18567584455013275,0.6148214285714287,0.3160769230769231,0.3264423608779907,0.1911082978153389,0.3904802825450897,0.28392481539737097,0.24957434069304985,0.26807041443474666,0.2643360556709388,0.23749304511730077
Macedonia,2018,5.239834785461426,9.503044128417969,0.848915159702301,67.5,0.7448009252548218,-0.040290869772434235,0.9099343419075012,0.5901380777359009,0.2983528673648834,0.39614158868789673,-0.39781896922262405,-0.044249092315516214,2.150596857070923,0.41043218970298767,0.2566666666666701,0.3901666666666667,0.34006261825561523,1.8460667729377793,0.3904802825450897,0.28392481539737097,0.07537688314914703,0.13068769872188568,0.2643360556709388,0.23749304511730077
Madagascar,2018,4.070586681365967,7.279894828796387,0.6655129790306091,59.099998474121094,0.551473081111908,0.005692420061677694,0.8891456723213196,0.7523410320281982,0.3620138168334961,0.44230592250823975,-0.7018457238401217,-1.0773727070470231,2.5746116638183594,0.6324915289878845,0.3737979789250913,0.43074999999999997,0.5760864019393921,0.1911082978153389,0.3904802825450897,0.28392481539737097,0.24957434069304985,0.26807041443474666,0.2643360556709388,0.23749304511730077
Malawi,2018,3.3346335887908936,7.005932331085205,0.5278434753417969,57.599998474121094,0.7989151477813721,0.06506087630987167,0.7659637928009033,0.5863004326820374,0.3648940324783325,0.5729848742485046,-0.18866931917421575,-0.23182199935028014,3.1283395290374756,0.9381359219551086,0.3737979789250913,0.427,0.7023301124572754,0.1911082978153389,0.3904802825450897,0.28392481539737097,0.24957434069304985,0.26807041443474666,0.2643360556709388,0.23749304511730077
Malaysia,2018,5.338817596435547,10.235504150390625,0.7894085645675659,67.0,0.8745482563972473,0.11288135498762131,0.8941311240196228,0.824454665184021,0.20036673545837402,0.7323983907699585,-3.4062505628656417,-5.834783482473766,1.6428229808807373,0.3077128827571869,0.5551972656250028,0.43983333333333335,0.4447622001171112,0.6249635517597414,0.3904802825450897,0.28392481539737097,0.24957434069304985,0.26807041443474666,0.08825978636741638,0.08538461476564407
Mali,2018,4.415729522705078,7.62742805480957,0.6918590664863586,51.70000076293945,0.7372045516967773,-0.031888555735349655,0.7930914163589478,0.7700172662734985,0.36964818835258484,0.5107954144477844,-1.8117072235841967,-0.4484856853359489,2.631044626235962,0.5958346724510193,0.1530000000000016,0.3726666666666667,0.5987868905067444,0.1911082978153389,0.3904802825450897,0.28392481539737097,0.24957434069304985,0.26807041443474666,0.17155756056308746,0.23749304511730077
Malta,2018,6.909710884094238,10.546092987060547,0.9315415024757385,72.19999694824219,0.9273406863212585,-0.15660704120229474,0.5951998829841614,0.7212244272232056,0.29569879174232483,0.7577136754989624,1.3787736289012127,1.5788464564543503,1.8198602199554443,0.26337718963623047,0.17639285714286065,0.2911,0.38540685176849365,0.1911082978153389,0.3904802825450897,0.28392481539737097,0.24957434069304985,0.26807041443474666,0.2643360556709388,0.23749304511730077
Mauritania,2018,4.313615322113037,8.196549415588379,0.8015955090522766,57.0,0.46688854694366455,-0.09545145183801651,0.7105292677879333,0.6633824706077576,0.2755579948425293,0.25839415192604065,-0.7195681160691692,-1.3439211627970475,2.1199965476989746,0.4914662837982178,0.30533333333332985,0.36875,0.5012671480481479,0.1911082978153389,0.3904802825450897,0.28392481539737097,0.24957434069304985,0.26807041443474666,0.2643360556709388,0.23749304511730077
Mauritius,2018,5.881740570068359,9.95644760131836,0.9088415503501892,66.4000015258789,0.8669281005859375,-0.08213494718074799,0.7852497100830078,0.7739516496658325,0.15799325704574585,0.6192511320114136,0.7685800260967679,0.6876341766781277,2.557258367538452,0.43477919697761536,0.3737979789250913,0.35750000000000004,0.43235379457473755,0.1911082978153389,0.3904802825450897,0.28392481539737097,0.24957434069304985,0.26807041443474666,0.2643360556709388,0.23749304511730077
Mexico,2018,6.549578666687012,9.769919395446777,0.8580688834190369,68.30000305175781,0.8162004947662354,-0.181818425655365,0.8086380958557129,0.8817134499549866,0.21325436234474182,0.2945684790611267,-0.7040431685460253,-0.5181104469268636,2.3263299465179443,0.35518771409988403,0.33787889908257024,0.46980000000000005,0.4564248323440552,0.5344249308109446,0.17653480172157288,0.3056105673313141,0.29424217343330383,0.2079574167728424,0.15498392283916473,0.12406203150749207
Moldova,2018,5.682277202606201,8.592376708984375,0.8920798897743225,65.0,0.8238243460655212,-0.0336773544549942,0.9287198781967163,0.5817146301269531,0.27007246017456055,0.23763185739517212,-0.1323749645912319,-0.1895348600459783,2.0344412326812744,0.3580327332019806,0.034201030927835385,0.32605882352941173,0.40068960189819336,0.1911082978153389,0.3904802825450897,0.28392481539737097,0.2184959352016449,0.14135704934597015,0.17590822279453278,0.23749304511730077
Mongolia,2018,5.464622974395752,9.415702819824219,0.9415141344070435,62.29999923706055,0.6955468058586121,0.04072415456175804,0.8485022187232971,0.6541250348091125,0.19189029932022095,0.27037131786346436,0.08259757298292758,-1.3121022885465998,2.010124444961548,0.3678432106971741,0.39922834645669264,0.33399999999999996,0.36435002088546753,0.1911082978153389,0.3904802825450897,0.28392481539737097,0.24957434069304985,0.26807041443474666,0.2643360556709388,0.23749304511730077
Montenegro,2018,5.6501898765563965,9.732954978942871,0.8559796214103699,68.5,0.6264312863349915,-0.04869676008820534,0.7689225077629089,0.5899331569671631,0.35493525862693787,0.39849916100502014,-0.4401938438760952,0.17144698113219842,2.2703628540039062,0.4018206298351288,0.41908368200836227,0.30939999999999995,0.40652862191200256,0.4694228917360352,0.3904802825450897,0.28392481539737097,0.30416667461395264,0.32924526929855347,0.2643360556709388,0.23749304511730077
Morocco,2018,4.896791934967041,8.937397956848145,0.553759753704071,65.9000015258789,0.7731804251670837,-0.24561262130737305,0.8431727290153503,0.6380491852760315,0.41598156094551086,-0.32785052061080855,-0.663724229961145,-0.111482237816834,2.7105112075805664,0.5535279512405396,0.3737979789250913,0.40266666666666673,0.5431066751480103,0.1911082978153389,0.3904802825450897,0.28392481539737097,0.24957434069304985,0.23028939962387085,0.12999150156974792,0.12447434663772583
Mozambique,2018,4.653713703155518,7.039377689361572,0.7384804487228394,54.20000076293945,0.896621584892273,0.05359163135290146,0.6912204027175903,0.6396395564079285,0.39727872610092163,0.8320379257202148,-0.8587812855637267,-0.9716957828596882,3.3264319896698,0.7147908806800842,0.3737979789250913,0.48866666666666664,0.7843666076660156,0.1911082978153389,0.3904802825450897,0.28392481539737097,0.24957434069304985,0.26807041443474666,0.2643360556709388,0.23749304511730077
Myanmar,2018,4.410633087158203,8.685232162475586,0.7738259434700012,59.0,0.9061108231544495,0.46996456384658813,0.6467258930206299,0.7769505977630615,0.3001403510570526,0.8787526488304138,-3.0465281883875526,-1.976171362400055,2.2870407104492188,0.5185288786888123,0.3737979789250913,0.381,0.4240453839302063,0.1911082978153389,0.3904802825450897,0.28392481539737097,0.24957434069304985,0.26807041443474666,0.2643360556709388,0.23749304511730077
Namibia,2018,4.83408784866333,9.156213760375977,0.8642147779464722,56.5,0.7539047598838806,-0.1757291555404663,0.845942497253418,0.7393869757652283,0.24024908244609833,0.6244677901268005,0.6158141295115154,0.14726242210183826,2.1019375324249268,0.43481576442718506,0.3737979789250913,0.6113333333333333,0.7712110877037048,0.1911082978153389,0.3904802825450897,0.28392481539737097,0.24957434069304985,0.26807041443474666,0.2643360556709388,0.23749304511730077
Nepal,2018,4.910086631774902,7.851007461547852,0.7683355212211609,63.5,0.7700936794281006,0.1327807456254959,0.7417528033256531,0.5369777083396912,0.3867924213409424,0.6483981609344482,-1.0945211844109681,-0.6789953544278344,3.040154457092285,0.6191651225090027,0.3737979789250913,0.38299999999999995,0.4978964626789093,0.40857207775116283,0.3904802825450897,0.28392481539737097,0.24957434069304985,0.26807041443474666,0.2643360556709388,0.23749304511730077
Netherlands,2018,7.463097095489502,10.8092041015625,0.9394431710243225,72.30000305175781,0.9199851751327515,0.155536487698555,0.3705577850341797,0.8619766235351562,0.20479418337345123,0.6565410494804382,1.2822291241460975,1.6598129460396103,1.2347326278686523,0.16544507443904877,0.12932865759573328,0.28633333333333333,0.46799784898757935,0.1911082978153389,0.3904802825450897,0.28392481539737097,0.24957434069304985,0.26807041443474666,0.4357234537601471,0.6617569923400879
New Zealand,2018,7.370285987854004,10.501477241516113,0.953862726688385,73.19999694824219,0.9493001699447632,0.11675003170967102,0.20658022165298462,0.8453626036643982,0.16795144975185394,0.6424612402915955,1.905969225403871,1.8082653482604165,1.569916009902954,0.2130061239004135,0.3737979789250913,0.3854377083728868,0.388641357421875,0.1911082978153389,0.3904802825450897,0.28392481539737097,0.4838709533214569,0.26807041443474666,0.5116022229194641,0.5622732639312744
Nicaragua,2018,5.818952560424805,8.61451244354248,0.8542765378952026,67.5,0.7970568537712097,0.0028300087433308363,0.7128247618675232,0.7926493287086487,0.4083498418331146,0.3434668779373169,0.02341456838785483,-0.8583347924541553,2.7110755443573,0.4659043848514557,0.48039999999999683,0.4795,0.42959064245224,0.01385810971260168,0.3904802825450897,0.28392481539737097,0.24957434069304985,0.26807041443474666,0.2643360556709388,0.23749304511730077
Niger,2018,5.164007186889648,6.844517707824707,0.6120256781578064,53.5,0.7906656265258789,0.02308264933526516,0.6371667981147766,0.7705576419830322,0.5025545358657837,0.7479238510131836,-0.6455617058996006,-0.6073132596102373,3.5702004432678223,0.6913623809814453,0.4756666666666703,0.36874999999999997,0.9489800735543938,0.1911082978153389,0.3904802825450897,0.28392481539737097,0.24957434069304985,0.26807041443474666,0.2643360556709388,0.23749304511730077
Nigeria,2018,5.252288341522217,8.577632904052734,0.7408542037010193,49.70000076293945,0.7898810505867004,-0.020767036825418472,0.8656026721000671,0.8052618503570557,0.25646987557411194,0.45174095034599304,-1.2555409780989049,-0.5327157905559778,2.6391255855560303,0.5024715662002563,0.3737979789250913,0.4155,0.4484633207321167,0.1911082978153389,0.3904802825450897,0.21678321063518524,0.17687590420246124,0.25321462750434875,0.2643360556709388,0.15012437105178833
North Cyprus,2018,5.60805606842041,9.223555616483683,0.8373917937278748,63.145965156825724,0.7970660924911499,0.009469065337586433,0.6138370037078857,0.48045310378074646,0.26186782121658325,0.37832364439964294,-0.1354347958240164,-0.005790174524892771,1.8078831434249878,0.32237252593040466,0.3737979789250913,0.3854377083728868,0.20096921920776367,0.1911082978153389,0.3904802825450897,0.28392481539737097,0.24957434069304985,0.26807041443474666,0.2643360556709388,0.23749304511730077
Norway,2018,7.4442620277404785,11.085625648498535,0.9659619331359863,73.19999694824219,0.9604290127754211,0.07572849094867706,0.26820144057273865,0.8274140357971191,0.21186237037181854,0.6795029640197754,1.4277229980127701,2.145682382169149,1.5195953845977783,0.20412975549697876,0.26913333333333334,0.2722307692307692,0.33664917945861816,0.1911082978153389,0.3904802825450897,0.28392481539737097,0.6477373838424683,0.26807041443474666,0.7373046875,0.23749304511730077
Pakistan,2018,5.471553802490234,8.561663627624512,0.6850594878196716,58.5,0.7725691199302673,0.05352156236767769,0.798841655254364,0.5672947764396667,0.376706063747406,0.5893884897232056,-1.6011783433833755,-0.3067978768776113,2.363150119781494,0.43189746141433716,0.6486613128491661,0.315125,0.3816646933555603,0.4158548265695669,0.3904802825450897,0.28392481539737097,0.20374220609664917,0.2815000116825104,0.2643360556709388,0.22724704444408417
Palestinian Territories,2018,4.553921699523926,8.468436241149902,0.8194792866706848,63.19000244140625,0.6545345187187195,0.28321378834466293,0.8137795329093933,0.610405445098877,0.4189285337924957,0.39237338304519653,-1.0657979218347367,-0.5057767664883429,2.5803892612457275,0.5666301250457764,0.3737979789250913,0.3854377083728868,0.48242107033729553,0.1911082978153389,0.3904802825450897,0.28392481539737097,0.24957434069304985,0.26807041443474666,0.2643360556709388,0.15800000727176666
Panama,2018,6.281434059143066,10.04973030090332,0.9043897986412048,69.5999984741211,0.8614481091499329,-0.12278220802545547,0.8369309902191162,0.8835805058479309,0.22259874641895294,0.2774777114391327,0.5535449878335043,-0.1583100467281276,2.5328612327575684,0.4032297730445862,0.37079344624447685,0.5326470588235293,0.5701016187667847,0.20032106339931488,0.3904802825450897,0.28392481539737097,0.24957434069304985,0.26807041443474666,0.2643360556709388,0.23749304511730077
Peru,2018,5.679661273956299,9.434348106384277,0.8453013896942139,68.0999984741211,0.8296419978141785,-0.18807955086231232,0.9062446355819702,0.8086214661598206,0.38003286719322205,0.20240309834480286,-0.42715294455935054,-0.5736316157476662,2.694195508956909,0.474358469247818,0.4091454344624443,0.4796470588235294,0.5030609965324402,0.3753492981195624,0.3904802825450897,0.28392481539737097,0.048720065504312515,0.10592938214540482,0.0628909170627594,0.084029421210289
Philippines,2018,5.8691725730896,8.985702514648438,0.8458032608032227,61.900001525878906,0.9178081750869751,-0.113129161298275,0.7264833450317383,0.7728461027145386,0.3934810757637024,0.8020071387290955,0.22055737021995792,-0.22076291741925264,2.7002577781677246,0.46007469296455383,0.3737979789250913,0.3854377083728868,0.47445154190063477,0.2163986712694168,0.3904802825450897,0.28392481539737097,0.054999999701976776,0.08293601870536804,0.2643360556709388,0.031518127769231796
Portugal,2018,5.919822692871094,10.262012481689453,0.8871132731437683,72.4000015258789,0.8774042129516602,-0.26273810863494873,0.879727840423584,0.6791041493415833,0.31799474358558655,0.5206306576728821,1.3451083195713427,1.67624871111828,2.1706221103668213,0.3666701316833496,0.6060342679127728,0.3675384615384614,0.41846632957458496,0.1911082978153389,0.3904802825450897,0.28392481539737097,0.24957434069304985,0.26807041443474666,0.2643360556709388,0.23749304511730077
Romania,2018,6.15087890625,10.112092971801758,0.8179304599761963,67.19999694824219,0.8451595902442932,-0.22003184258937836,0.921170175075531,0.7353425025939941,0.2984539270401001,0.2263513058423996,-0.168736975163625,0.05599061618145473,2.1965672969818115,0.35711437463760376,0.704683856502242,0.3658,0.3488274812698364,0.10603386163711757,0.3904802825450897,0.28392481539737097,0.17917676270008087,0.26807041443474666,0.1966647505760193,0.07691741734743118
Russia,2018,5.513500213623047,10.132390022277832,0.9087260961532593,64.30000305175781,0.7292822003364563,-0.15622630715370178,0.8653115630149841,0.6733462810516357,0.19879630208015442,0.45583873987197876,-0.507931899890636,-0.9542475812237275,2.18148136138916,0.3956618010997772,0.23622432153898967,0.3975,0.39537057280540466,0.1911082978153389,0.3904802825450897,0.34727180004119873,0.23235294222831726,0.26807041443474666,0.24764934182167053,0.2812861204147339
Rwanda,2018,3.561046600341797,7.567531108856201,0.616172730922699,61.099998474121094,0.9242316484451294,0.0571075864136219,0.16380995512008667,0.7933676242828369,0.3081991672515869,0.988120436668396,0.19615085131645504,0.2722337462478737,2.3322699069976807,0.6549394726753235,0.3737979789250913,0.482,0.6475055813789368,0.1911082978153389,0.3904802825450897,0.28392481539737097,0.24957434069304985,0.26807041443474666,0.04856952652335167,0.1663392335176468
Saudi Arabia,2018,6.356393337249756,10.797971725463867,0.8678483963012695,66.30000305175781,0.8549215197563171,-0.2095635086297989,-1.553447499871322,0.7644054889678955,0.2883799076080322,0.3694930466603813,-2.193741139667322,-0.5067018463802321,2.324450969696045,0.3656871020793915,0.3737979789250913,0.3854377083728868,0.47208425402641296,0.1911082978153389,0.3904802825450897,0.28392481539737097,0.24957434069304985,0.5053262114524841,0.2643360556709388,0.23749304511730077
Senegal,2018,4.7693772315979,7.850693702697754,0.7393547892570496,59.599998474121094,0.6292234659194946,-0.0616280660033226,0.8047794699668884,0.7138941287994385,0.24707472324371338,0.5889279246330261,0.4140905086116015,-0.18723010529475376,1.9640820026397705,0.4118109941482544,0.3737979789250913,0.4023333333333334,0.39389678835868835,0.1911082978153389,0.3904802825450897,0.28392481539737097,0.24957434069304985,0.26807041443474666,0.2643360556709388,0.23749304511730077
Serbia,2018,5.936493396759033,9.584803581237793,0.8529453277587891,68.19999694824219,0.7398918271064758,-0.09851144999265671,0.8637235760688782,0.5589408278465271,0.2962958514690399,0.4761449992656708,0.20595912472869654,0.032520482607913875,2.2460885047912598,0.37835273146629333,0.3737979789250913,0.3854377083728868,0.3562028706073761,-0.8180999755859439,0.3904802825450897,0.28392481539737097,0.28437501192092896,0.18333333730697632,0.2643360556709388,0.23749304511730077
Sierra Leone,2018,4.305683135986328,7.2661662101745605,0.6496383547782898,50.79999923706055,0.7164844870567322,0.10158070176839828,0.8557332158088684,0.551628053188324,0.4662666618824005,0.7797262072563171,0.14984339209494188,-0.7341183469389676,3.048084020614624,0.7079211473464966,0.3737979789250913,0.371,0.6907210946083069,0.1911082978153389,0.3904802825450897,0.28392481539737097,0.24957434069304985,0.26807041443474666,0.2643360556709388,0.23749304511730077
Singapore,2018,6.374564170837402,11.391345977783203,0.9028406739234924,76.80000305175781,0.9160782098770142,0.11919728235260867,0.0965629294514656,0.7870929837226868,0.10687077790498734,0.8924692869186401,0.5974243130412893,2.166082158046794,1.5770764350891113,0.24740144610404968,0.3737979789250913,0.3854377083728868,0.39978763461112976,1.3119561672210698,0.3904802825450897,0.28392481539737097,0.24957434069304985,0.16669344902038574,0.2643360556709388,0.37390604615211487
Slovakia,2018,6.235110759735107,10.352235794067383,0.9223787188529968,68.9000015258789,0.7576340436935425,-0.17969246208667755,0.9099446535110474,0.7541052103042603,0.2531900405883789,0.32765862345695496,1.2949697780299145,-0.01759666999967291,1.7750695943832397,0.284689337015152,1.4656692913385831,0.26725000000000004,0.27458468079566956,0.1911082978153389,0.3904802825450897,0.23010753095149994,0.2575342357158661,0.26807041443474666,0.2643360556709388,0.23749304511730077
Slovenia,2018,6.249419212341309,10.39720344543457,0.9409711956977844,71.0999984741211,0.9420458674430847,-0.12239640951156616,0.8392525315284729,0.6439716219902039,0.2754848599433899,0.23927463591098785,0.6744017086412237,0.4772540376362431,1.9465738534927368,0.3114807605743408,0.44664995678478814,0.24950000000000003,0.3490040898323059,0.1911082978153389,0.3904802825450897,0.28392481539737097,0.15292949974536896,0.26807041443474666,0.17589892446994781,0.1998123824596405
South Africa,2018,4.883922100067139,9.411724090576172,0.8413439989089966,56.5,0.7527313232421875,-0.05903366208076477,0.8411926031112671,0.8121665716171265,0.2827084958553314,0.524685800075531,-0.21090770834823291,-0.13776490161812607,2.712254762649536,0.5553435683250427,0.6100000000000149,0.6239999999999999,0.6857746839523315,0.1911082978153389,0.29030007123947144,0.2825872600078583,0.17572879791259766,0.11516275256872177,0.2643360556709388,0.23281152546405792
South Korea,2018,5.840231418609619,10.511577606201172,0.7977238297462463,73.5999984741211,0.6001616716384888,-0.09396584331989288,0.7968258857727051,0.6612085700035095,0.21714572608470917,0.38908401131629944,0.9188274731529025,0.4079860344681674,2.0438473224639893,0.34995999932289124,0.37800000000000383,0.319,0.39859095215797424,0.1911082978153389,0.38017427921295166,0.34174126386642456,0.3026421070098877,0.273333340883255,0.28249746561050415,0.26592326164245605
Spain,2018,6.513370990753174,10.465594291687012,0.910314679145813,74.4000015258789,0.7222506999969482,-0.07935059815645218,0.7765044569969177,0.6591880321502686,0.3571908473968506,0.28519561886787415,0.08027521568886309,0.6570226104000851,1.6670770645141602,0.25594690442085266,0.6047454925949827,0.3453846153846154,0.35914361476898193,0.1911082978153389,0.3904802825450897,0.29238295555114746,0.2866726517677307,0.3269098401069641,0.19837963581085205,0.1907789558172226
Sri Lanka,2018,4.400223255157471,9.40038776397705,0.8280653953552246,67.19999694824219,0.8526281714439392,0.08676241338253021,0.8580166697502136,0.831292986869812,0.30127936601638794,0.5761303901672363,-1.4959796780466994,-0.2988705174811414,2.3560802936553955,0.5354456305503845,0.6490000000000058,0.39339999999999997,0.40800178050994873,0.4673697352409487,0.3904802825450897,0.28392481539737097,0.24957434069304985,0.26807041443474666,0.2643360556709388,0.23749304511730077
Swaziland,2018,4.211565017700195,8.946770668029785,0.7792697548866272,63.145965156825724,0.7099736928939819,-0.1799377202987671,0.692341148853302,0.8243547081947327,0.2523391544818878,0.6895487308502197,-0.1354347958240164,-0.005790174524892771,2.4260926246643066,0.5760548710823059,0.3737979789250913,0.523,0.732568085193634,0.1911082978153389,0.3904802825450897,0.28392481539737097,0.24957434069304985,0.26807041443474666,0.2643360556709388,0.23749304511730077
Sweden,2018,7.374792098999023,10.766932487487793,0.9306795597076416,72.5999984741211,0.9417246580123901,0.06957325339317322,0.2627965807914734,0.8226757049560547,0.16075542569160461,0.49439623951911926,0.9539459240339833,2.009007725072677,1.6015219688415527,0.2171616405248642,0.8450323567289133,0.27415384615384614,0.3815096914768219,0.5395101308822632,0.570789635181427,0.28392481539737097,0.565906822681427,0.6371845006942749,0.6797278523445129,0.6078272461891174
Switzerland,2018,7.508586883544922,10.975945472717285,0.9302909970283508,74.0999984741211,0.9264145493507385,0.09636896103620529,0.30125996470451355,0.7922259569168091,0.19152015447616577,0.8499794602394104,1.3263960675658466,1.7954130837479114,1.6396318674087524,0.2183675765991211,0.21149999999999902,0.3281,0.3207249939441681,0.1911082978153389,0.3904802825450897,0.26525548100471497,0.37847909331321716,0.26807041443474666,0.518936038017273,0.23749304511730077
Taiwan Province of China,2018,6.467004776000977,10.879914283752441,0.8964587450027466,71.43999481201172,0.7410327792167664,4.187525939607859,0.7359707355499268,0.8483985662460327,0.09269564598798752,0.31172293424606323,0.882719861903838,1.1651338187873936,1.69088613986969,0.26146355271339417,0.3737979789250913,0.3854377083728868,0.33017757534980774,0.1911082978153389,0.3904802825450897,0.28392481539737097,0.24957434069304985,0.26807041443474666,0.2643360556709388,0.23749304511730077
Tanzania,2018,3.44502329826355,7.928911209106445,0.675330400466919,57.5,0.8071421384811401,0.14175651967525482,0.611534059047699,0.7620893120765686,0.22100549936294556,0.9146484732627869,-0.46936495651121524,-0.8831286417164863,2.6656835079193115,0.7737780809402466,0.33425000000001087,0.38466666666666666,0.568629264831543,0.1911082978153389,0.3904802825450897,0.28392481539737097,0.24957434069304985,0.078125,0.2643360556709388,0.23749304511730077
Thailand,2018,6.011561870574951,9.73482894897461,0.8730524182319641,67.19999694824219,0.9048282504081726,0.25165021419525146,0.9065960049629211,0.843489408493042,0.19819021224975586,0.6053644418716431,-0.650670013712637,0.013419041142027549,2.1057426929473877,0.35028213262557983,-0.010763311576779871,0.3966923076923078,0.48240676522254944,0.8819312453269621,0.3904802825450897,0.28392481539737097,0.24957434069304985,0.26807041443474666,0.4150819778442383,0.32491251826286316
Togo,2018,4.022894859313965,7.287405490875244,0.5963538885116577,54.70000076293945,0.6119662523269653,-0.007062926422804594,0.8085377216339111,0.6084486246109009,0.44645437598228455,0.32322120666503906,-2.147655761999891,-1.1968550039578036,2.110910177230835,0.5247241854667664,0.3745999999999995,0.4376666666666667,0.44490379095077515,0.1911082978153389,0.3904802825450897,0.28392481539737097,0.24957434069304985,0.26807041443474666,0.2643360556709388,0.23749304511730077
Tunisia,2018,4.7411322593688965,9.304473876953125,0.7329535484313965,66.9000015258789,0.6496800780296326,-0.20324890315532684,0.8401166200637817,0.5917266011238098,0.36501428484916687,0.3494904637336731,-0.4120001210616184,0.26768941867810025,2.179978847503662,0.4598013162612915,0.3737979789250913,0.38099999999999995,0.43139129877090454,0.1911082978153389,0.3904802825450897,0.28392481539737097,0.24957434069304985,0.26807041443474666,0.2643360556709388,0.155186727643013
Turkey,2018,5.185689449310303,10.148917198181152,0.8470273017883301,66.80000305175781,0.5286290645599365,-0.1816537231206894,0.8048785328865051,0.4346542954444885,0.3507730960845947,0.5136770606040955,-0.06642963056740858,-0.010267748745149075,2.1461520195007324,0.4138604998588562,0.15249927750339726,0.40580000000000005,0.3626239597797394,0.1911082978153389,0.3904802825450897,0.09805825352668762,0.06466376036405563,0.1879868060350418,0.04855245351791382,0.11872544884681702
Turkmenistan,2018,4.620601654052734,9.74946403503418,0.9844889640808105,62.20000076293945,0.8577740788459778,0.23727980256080627,0.7689081185714903,0.6122102737426758,0.18902453780174255,0.3694930466603813,-1.0936348082773353,-1.1257389226569188,1.1984765529632568,0.25937673449516296,0.3737979789250913,0.3854377083728868,0.2710699737071991,0.1911082978153389,0.3904802825450897,0.28392481539737097,0.24957434069304985,0.26807041443474666,0.2643360556709388,0.23749304511730077
Uganda,2018,4.321714878082275,7.458709239959717,0.7398410439491272,55.70000076293945,0.7285127639770508,0.08824136853218079,0.8561062216758728,0.6851685047149658,0.39031922817230225,0.503853440284729,-0.04635308387761988,-0.6698686696411664,3.033911943435669,0.70201575756073,0.46299999999999747,0.43220000000000003,0.6555026769638062,0.1911082978153389,0.3904802825450897,0.28392481539737097,0.24957434069304985,0.07587222754955292,0.2643360556709388,0.23749304511730077
Ukraine,2018,4.661909103393555,9.0120267868042,0.9009367227554321,64.5999984741211,0.6630550622940063,-0.05504196137189865,0.9429607391357422,0.6087710857391357,0.22185148298740387,0.07971005886793137,-0.9788309184338437,-0.7386269426122372,2.111562490463257,0.4529394507408142,-0.06380338733431537,0.26499999999999996,0.34974923729896545,0.1911082978153389,0.3904802825450897,0.28392481539737097,0.2877979278564453,0.26807041443474666,0.26681485772132874,0.23505571484565735
United Arab Emirates,2018,6.603743553161621,11.127677917480469,0.851041316986084,67.0999984741211,0.9436643719673157,0.03649422526359558,-0.03576493263245359,0.7872434854507446,0.30204182863235474,0.3694930466603813,0.03906265664111738,0.9655796020862445,2.214761972427368,0.33537977933883667,0.3737979789250913,0.3854377083728868,0.721078634262085,0.1911082978153389,0.3904802825450897,0.28392481539737097,0.24957434069304985,0.26807041443474666,0.2643360556709388,0.23749304511730077
United Kingdom,2018,7.233445167541504,10.59694766998291,0.9284839034080505,72.30000305175781,0.8375083804130554,0.22199814021587372,0.4042760133743286,0.7831718325614929,0.2282756119966507,0.4208598732948303,1.1738696302816027,1.7788632523617816,1.6989500522613525,0.23487426340579987,0.09573148744365875,0.34108333333333324,0.4174731969833374,0.1911082978153389,0.3904802825450897,0.28392481539737097,0.3044983148574829,0.26807041443474666,0.3005583584308624,0.23749304511730077
United States,2018,6.882684707641602,10.922465324401855,0.9038560390472412,68.30000305175781,0.8246066570281982,0.10771338641643524,0.7099282741546631,0.8153825998306274,0.29222625494003296,0.313816100358963,1.1128505279139036,1.476085286723184,2.1193740367889404,0.3079283833503723,0.4108641975308627,0.4081666666666666,0.7014179229736328,0.1911082978153389,0.453547865152359,0.28392481539737097,0.3495129346847534,0.355185329914093,0.393451452255249,0.35139450430870056
Uruguay,2018,6.3717145919799805,9.959661483764648,0.9173156023025513,69.0,0.8762109279632568,-0.10845141857862473,0.6829160451889038,0.8769203424453735,0.27494558691978455,0.36170604825019836,0.976502107350802,0.6970557533146672,2.217172384262085,0.3479710817337036,0.27600441826214994,0.4273636363636364,0.43754178285598755,0.23657318949699402,0.3904802825450897,0.28392481539737097,0.21640481054782867,0.26807041443474666,0.2843930721282959,0.14435146749019623
Uzbekistan,2018,6.205460071563721,8.773365020751953,0.9208210110664368,65.0999984741211,0.969897985458374,0.3116946220397949,0.5203601121902466,0.8254215717315674,0.2086603045463562,0.9693563580513,-1.4583145518159664,-0.9752127943650426,2.4264378547668457,0.3910166025161743,0.3737979789250913,0.34800000000000003,0.38497352600097656,0.1911082978153389,0.3904802825450897,0.28392481539737097,0.24957434069304985,0.26807041443474666,0.2643360556709388,0.13922356069087982
Venezuela,2018,5.0056633949279785,9.270280838012695,0.8868820667266846,66.5,0.610855221748352,-0.17615559697151184,0.8275600075721741,0.7592214941978455,0.37365761399269104,0.26069968938827515,-1.559900319994801,-1.5237882990503335,2.891930341720581,0.5777316689491272,-0.19099999999994868,0.4971666666666667,0.9144928455734865,-0.22989776730535483,0.3904802825450897,0.28392481539737097,0.13333334028720856,0.15833333134651184,0.2643360556709388,0.23749304511730077
Vietnam,2018,5.295547008514404,8.783415794372559,0.8319452404975891,67.9000015258789,0.9092597961425781,-0.03912370279431343,0.8084229826927185,0.6922224164009094,0.1910613626241684,-17.09267967711227,-0.572466814368026,-0.5688814850623987,1.6764484643936157,0.3165770173072815,0.3088666666666683,0.36275,0.41566625237464905,-0.07081925868992653,0.3904802825450897,0.28392481539737097,0.24957434069304985,0.3869999945163727,0.5100536346435547,0.23749304511730077
Yemen,2018,3.057513952255249,6.408838272094727,0.7894219160079956,56.70000076293945,0.5527260899543762,-0.38225027395215944,0.7925868630409241,0.4611137807369232,0.3148699402809143,0.3081511855125427,-2.2159285591405515,-0.7993186604800107,2.402007579803467,0.7856080532073975,0.3737979789250913,0.35700000000000004,0.4485965669155121,0.1911082978153389,0.3904802825450897,0.28392481539737097,0.24957434069304985,0.26807041443474666,0.2643360556709388,0.38499999046325684
Zambia,2018,4.041488170623779,8.223958015441895,0.7177203893661499,55.29999923706055,0.7906259298324585,0.0366443395614624,0.8107312917709351,0.7026975750923157,0.3509628474712372,0.6067152619361877,0.3629772142449821,-0.3026344067015857,2.783418655395508,0.6887113451957703,0.5793333333333366,0.5274,0.6194430589675903,0.1911082978153389,0.3904802825450897,0.28392481539737097,0.24957434069304985,0.26807041443474666,0.11042945086956024,0.23749304511730077
Zimbabwe,2018,3.6164798736572266,7.553394794464111,0.7753884792327881,55.599998474121094,0.762674868106842,-0.03838358074426651,0.8442086577415466,0.7101186513900757,0.2117258459329605,0.5505077838897705,-1.0669793778274956,-0.969444189322746,2.4986956119537354,0.6909192800521851,0.3737979789250913,0.43200000000000005,0.5417718291282654,0.1911082978153389,0.3904802825450897,0.28392481539737097,0.24957434069304985,0.11668293923139572,0.2643360556709388,0.08294226974248886
